Company,Headline,Description,Time,pdf_link,vader_score,textblob_score,bert_sentiment,confidence,final_sentiment
Shiva Texyarn Ltd,Audited Financial Results For The Year Ended 31.03.2025,The Board approves the Audited Financial Results (Standalone & Consolidated) for the financial year ended 31.03.2025.,22-05-2025 13:34:24,https://www.bseindia.com/xml-data/corpfiling/AttachLive/aef0b328-a8ca-4d4b-8cd8-14d94d9f1a78.pdf,0.9565,-0.0003663003663003607,0.038568757474422455,0.5940607371324367,Positive
Strides Pharma Science Ltd,"Outcome Of Board Meeting Of The Company Held On May 22, 2025","Outcome of Board Meeting of the Company held on May 22, 2025",22-05-2025 13:33:53,https://www.bseindia.com/xml-data/corpfiling/AttachLive/b30c80ec-3405-467c-903a-716f508a8306.pdf,0.9022,0.01593406593406594,0.054349660873413086,0.5819651180422438,Positive
DAPS Advertising Ltd,Audited Financial Results Of The Company For Half Year & Year Ended March 2025,"Pursuant to Reg. 33 of SEBI LODR, the Board approves Audited Financial Results (Standalone) for the half year & year ended March 2025",22-05-2025 13:33:14,https://www.bseindia.com/xml-data/corpfiling/AttachLive/5996af1c-6232-4493-9971-ea4d1494e9a2.pdf,0.9517,0.023888888888888894,0.057466842234134674,0.6050867193369072,Positive
Radix Industries (India) Ltd,Submission Of Audited Financial Results For The Quarter And Year Ended 31.03.2025,Submission of Audited Financial Results for the quarter and year ended 31.03.2025 along with the Declaration of unmodified opinion,22-05-2025 13:25:40,https://www.bseindia.com/xml-data/corpfiling/AttachLive/87aaace1-714a-4332-b69c-7ef17fa2a10c.pdf,0.9413,0.050793650793650794,-0.0011927038431167603,0.5914002840851602,Positive
Bloom Industries Ltd,Board Meeting Outcome for Outcome Of BM Reg.30,"Outcome of the Meeting of Board of Directors of the Company held today , inter alia, approved Financial Statements for the year ended 31-Mar-25 and Financial Results for the quarter and .... Read More..",22-05-2025 13:14:50,https://www.bseindia.com/xml-data/corpfiling/AttachLive/c9bf9906-6ddc-4785-bf7c-d3324249c1f4.pdf,0.4588,0.027380952380952384,0.1624528169631958,0.24047013080324448,Positive
Radix Industries (India) Ltd,Board Meeting Outcome for Submission Of Outcome Of Board Meeting,Submission of outcome of Board Meeting,22-05-2025 13:11:39,https://www.bseindia.com/xml-data/corpfiling/AttachLive/2a2684d2-1962-4a2f-af0d-cae866aa7ce3.pdf,0.9413,0.050793650793650794,-0.0011927038431167603,0.5914002840851602,Positive
Jupiter Infomedia Ltd,"Audited Financial Results For The Fourth/ Last Quarter And Year Ended March 31, 2025,Along With Other Required Details",As per attached annexure.,22-05-2025 13:09:17,https://www.bseindia.com/xml-data/corpfiling/AttachLive/1e11190e-8172-42a8-b287-8748cc5980f8.pdf,0.7717,0.04432900432900433,0.10709106922149658,0.35410602206515035,Positive
PH Capital Ltd,"Results- Financial Results For The Quarter And Financial Year Ended March 31, 2025","Considered and Approved the Audited Financial Results for the fourth quarter and year ended March 31, 2025. Pursuant to Regulation 33 of SEBI Listing Regulations, a copy of the Audited .... Read More..",22-05-2025 13:01:52,https://www.bseindia.com/xml-data/corpfiling/AttachLive/13e4342f-d430-4841-a3f8-c24d3101819f.pdf,0.9169,-0.0078125,0.06050705537199974,0.3825683666116,Positive
Jupiter Infomedia Ltd,"Board Meeting Outcome for Audited Financial Results For The Fourth/ Last Quarter And Year Ended March 31, 2025, Along With Other Required Details","Pursuant to the provisions of the Securities and Exchange Board of India (Listing Obligations and Disclosure Requirements) Regulations, 2015 ('SEBI Listing Regulations'), the Board of Directors .... Read More..",22-05-2025 13:01:22,https://www.bseindia.com/xml-data/corpfiling/AttachLive/a0b8b819-6c61-417d-b9c2-3c6cf7f1c7f6.pdf,0.7717,0.04432900432900433,0.10709106922149658,0.35410602206515035,Positive
Clean Science and Technology Ltd,"Audited Standalone And Consolidated Financial Results Of The Company For The Fourth Quarter And Financial Year Ended 31St March, 2025",Audited financial Results FY25 are attached,22-05-2025 12:55:04,https://www.bseindia.com/xml-data/corpfiling/AttachLive/405dc563-b1a6-493a-98d7-4d1382cf8bbe.pdf,0.9545,0.011111111111111117,-0.0068403854966163635,0.5830812176843485,Positive
Unknown,"Audited Standalone And Consolidated Financial Results Of The Company For The Fourth Quarter And Financial Year Ended 31St March, 2025",Audited financial Results FY25 are attached,22-05-2025 12:55:04,https://www.bseindia.com/xml-data/corpfiling/AttachLive/405dc563-b1a6-493a-98d7-4d1382cf8bbe.pdf,0.9545,0.011111111111111117,-0.0068403854966163635,0.5830812176843485,Positive
Jet Solar Ltd,"Financial Results For Half Year And Year Ended 31St March, 2025","Financial Results for Half Year and Year Ended 31st March, 2025",22-05-2025 12:47:29,https://www.bseindia.com/xml-data/corpfiling/AttachLive/f5b6b801-9a8b-44e4-91ff-9f80ab8cb852.pdf,0.7783,-0.009340659340659335,0.0764588862657547,0.3314554680775286,Positive
Hybrid Financial Services Ltd,Results Published On 22Nd May 2025,"Sir, Submitting herewith our Results Published in The Free Press Journal, Page No.25 and Navshakti, Marathi Daily Published in English in Page No, 17 both on 22nd May 2025. Kindly .... Read More..",22-05-2025 12:44:36,https://www.bseindia.com/xml-data/corpfiling/AttachLive/2bfc834f-be2c-4e66-a13b-9bd8ae02f838.pdf,0.836,0.10462962962962963,-0.2775338292121887,0.2825287401252323,Positive
Lincoln Pharmaceuticals Ltd,"Audited Financial Results For The Quarter And Year Ended 31St March, 2025","Audited Financial Results for the Quarter and Year Ended 31st March, 2025",22-05-2025 12:36:35,https://www.bseindia.com/xml-data/corpfiling/AttachLive/9043464d-4b90-421e-8b38-f8414f6a5599.pdf,0.967,0.05625000000000001,0.022399988025426865,0.6103949964076281,Positive
Ramgopal Polytex Ltd,"Audited Financial Results Of The Company For The Quarter And Year Ended March 31, 2025","Audited Financial Results of the Company for the Quarter and Year ended March 31, 2025.",22-05-2025 12:32:39,https://www.bseindia.com/xml-data/corpfiling/AttachLive/6c4dc623-ddb8-459e-a099-13b2a02ce95d.pdf,0.836,-0.02,-0.0014693979173898697,0.3279591806247831,Positive
JSL Industries Ltd,"Audited Standalone Financial Results For The Quarter And Financial Year Ended March 31, 2025",Audited results 31/03/2025,22-05-2025 12:02:04,https://www.bseindia.com/xml-data/corpfiling/AttachLive/6960c9ba-36cb-405c-a72f-d558cddeefbb.pdf,0.8625,0.05873015873015873,0.11563791334629059,0.3973104216229348,Positive
Vaibhav Global Ltd,Audited Financial Results (Consolidated And Standalone) Under Ind AS For The Quarter & Year Ended 31 March 2025,Audited Financial Results (Consolidated and Standalone) under Ind AS for the quarter & year ended 31 March 2025,22-05-2025 00:57:22,https://www.bseindia.com/xml-data/corpfiling/AttachLive/68b381c0-3bb9-40b7-9f24-01fb40f3ed8f.pdf,0.8885,-0.07819940476190475,0.019237371161580086,0.5377113899199026,Positive
Confidence Futuristic Energetech Ltd,"Result- Financial Result March 31, 2025",attaching herewith result 31st March-2025,22-05-2025 00:24:37,https://www.bseindia.com/xml-data/corpfiling/AttachLive/e98b3989-b294-4a97-8f96-8ae64868c087.pdf,0.9442,0.04698412698412699,0.14013534784317017,0.43381584244818916,Positive
Subros Ltd,Outcome Of Board Meeting,"Financial results for the year ended 31st March,2025",22-05-2025 14:56:28,https://www.bseindia.com/xml-data/corpfiling/AttachLive/41cb3f70-79b2-4c73-b4b9-365f11b0a690.pdf,0.886,-0.0029761904761904717,0.048283420503139496,0.5679921690080847,Positive
MIC Electronics Ltd,Results,"Audited Financial Results for the year ended March 31, 2025",22-05-2025 14:56:06,https://www.bseindia.com/xml-data/corpfiling/AttachLive/5d83e084-a65f-4265-87c7-628540e2515b.pdf,0.2263,-0.05265567765567765,0.00800241157412529,0.0771240201755343,Neutral
Emcure Pharmaceuticals Ltd,"Audited Financial Results For The Quarter And Year Ended March 31, 2025","Audited Financial Results for the quarter and year ended March 31, 2025",22-05-2025 14:49:20,https://www.bseindia.com/xml-data/corpfiling/AttachLive/309bfcf3-0319-4369-8c8e-8e5cd874ed98.pdf,0.5106,-0.01020408163265306,-0.009744193404912949,0.19825551748873022,Positive
Asia Pack Ltd,"Audited Financial Results For The Quarter And Year Ended 31St March, 2025.","Financial Results of the Company For the Quarter and year ended 31st March, 2025",22-05-2025 14:49:17,https://www.bseindia.com/xml-data/corpfiling/AttachLive/9eca6f45-666d-41f3-b755-98154892d936.pdf,0.9136,-0.047619047619047616,-0.020153190940618515,0.34510832843210015,Positive
Kaira Can Company Ltd,Audited Financial Results For The Year Ended 31-03-2025.,Audited Financial Results for the year ended 31-03-2025.,22-05-2025 14:44:19,https://www.bseindia.com/xml-data/corpfiling/AttachLive/fe214c51-cbbd-451d-bfe1-a3a0d543b385.pdf,0.9118,0.1,0.044818948954343796,0.6081656846863033,Positive
Barbeque-Nation Hospitality Ltd,"Financial Results For The Quarter Ended March 31, 2025","Financial Results for the quarter ended march 31, 2025",22-05-2025 14:43:51,https://www.bseindia.com/xml-data/corpfiling/AttachLive/1574d3ed-8e3e-4921-a3a6-2a0e3557459a.pdf,0.3818,-0.043207282913165265,-0.018076032400131226,0.13433500540601107,Positive
Hindustan Motors Ltd,AUDITED RESULTS FOR THE QUARTER AND FINANCIAL YEAR ENDED 31.03.2025,AUDITED RESULTS FOR THE QUARTER AD FINANCIAL YEAR ENDED 31.03.2025,22-05-2025 14:43:08,https://www.bseindia.com/xml-data/corpfiling/AttachLive/66df0101-d998-4fe0-a5c5-71df3970866b.pdf,0.3818,0.0629004329004329,0.5147519111633301,0.32601570321912887,Positive
Shalimar Wires Industries Ltd,"Approval Of Standalone Audited Financial Results For The Quarter And Year Ended 31St March, 2025","The Board of Directors of the Company at their meeting held on 22nd May, 2025 have approved the audited standalone financial results for the quarter and year ended 31.03.2025",22-05-2025 14:42:08,https://www.bseindia.com/xml-data/corpfiling/AttachLive/8e1ad07b-7d9a-4b6e-9280-c469ad11b03a.pdf,0.6124,0.029670329670329676,0.21070903539657593,0.3170738095200717,Positive
Goodluck India Ltd,Outcome Of The Board Meeting For The Audited Financial Result For The Year Ended On 31.03.2025,Outcome of the Board Meeting for the Audited Financial Result for the Year ended 31.03.2025 and other Matters.,22-05-2025 14:40:41,https://www.bseindia.com/xml-data/corpfiling/AttachLive/4d94e8df-29f4-41a9-b204-8aad422f0afc.pdf,0.9468,-0.025757575757575757,0.059589285403490067,0.5888695128937742,Positive
Igarashi Motors India Ltd,"Audited Financial Results For The Quarter And Year Ended March 31, 2025 And Board Recommended Dividend For The Year 2024-25",Outcome of Board Meeting,22-05-2025 14:39:39,https://www.bseindia.com/xml-data/corpfiling/AttachLive/6c290ba7-57b4-4003-be98-d6bc39422bb1.pdf,0.836,-0.07857142857142857,0.032714102417230606,0.5206428021537406,Positive
Indoco Remedies Ltd,"Financial Results For The Year Ended 31St March, 2025","Approval of Standalone and Consolidated Financial Results for the Quarter and Year ended 31st March, 2025",22-05-2025 14:36:04,https://www.bseindia.com/xml-data/corpfiling/AttachLive/e2266188-4c0b-47ad-925d-0f66bc75ae89.pdf,0.9559,0.04027777777777778,0.03156333416700363,0.6039123335834344,Positive
Jay Bharat Maruti Ltd,Financial Year 2024-25,"Audited Standalone & Consolidated Financial Results for the 4th quarter and financial year ended March 31,2025",22-05-2025 14:36:00,https://www.bseindia.com/xml-data/corpfiling/AttachLive/8568f269-0180-419e-bedc-95c0c2867b76.pdf,0.886,-0.017857142857142856,-0.005838803946971893,0.5472912159587657,Positive
Kaira Can Company Ltd,Board Meeting Outcome for Outcome Of The Board Meeting Held On 22-05-2025.,Outcome of the Board Meeting held on 22-05-2025.,22-05-2025 14:31:54,https://www.bseindia.com/xml-data/corpfiling/AttachLive/17a00131-0324-4ba0-968f-e30ddb9bbeee.pdf,0.9118,0.1,0.044818948954343796,0.6081656846863033,Positive
South West Pinnacle Exploration Ltd,"FINANCIALS RESULTS FOR MARCH 31, 2025","Financials Results for the quarter and year ended on March 31, 2025",22-05-2025 14:31:24,https://www.bseindia.com/xml-data/corpfiling/AttachLive/7d244945-305c-4fbc-8197-efac311b9d4c.pdf,0.5994,-0.060281385281385276,0.03290511667728424,0.2315471194187697,Positive
Investment & Precision Castings Ltd,Results,result of BM 22.05.2025,22-05-2025 14:28:16,https://www.bseindia.com/xml-data/corpfiling/AttachLive/d718c9ce-82d3-4415-b829-c0e216d2720c.pdf,0.91,0.09257703081232493,0.08911767601966858,0.4185084120495981,Positive
Jai Mata Glass Ltd,"Audited Financial Results For The Quarter & Year Ended 31St March, 2025",Results,22-05-2025 14:23:23,https://www.bseindia.com/xml-data/corpfiling/AttachLive/adf63f84-5c5b-4ecb-85e7-e55eb541f0e6.pdf,0.34,0.0044372294372294376,0.10625571757555008,0.16920788410383386,Positive
Unichem Laboratories Ltd,Results For Quarter And Year Ended 2025,Results for quarter and year ended 2025,22-05-2025 14:22:49,https://www.bseindia.com/xml-data/corpfiling/AttachLive/3c867020-3fc5-45fe-840e-ca4e1b1df7d1.pdf,0.7964,0.02380952380952381,0.01887432113289833,0.3313651534827266,Positive
Jay Bharat Maruti Ltd,Board Meeting Outcome for Outcome Of Board Meeting,"Outcome of Board Meeting held today viz. Thursday, May 22, 2025 has, inter-alia, considered and approved the matters given in attached file.",22-05-2025 14:19:33,https://www.bseindia.com/xml-data/corpfiling/AttachLive/9afcb9f5-f695-44a2-8703-a42f93f0a3fb.pdf,0.886,-0.017857142857142856,-0.005838803946971893,0.5472912159587657,Positive
Shalimar Wires Industries Ltd,"Approval Of Audited Standalone Financial Results For The Quarter And Year Ended 31St March, 2025","The audited standalone financial results of the company for the quarter and year ended 31st March, 2025 have been approved and taken on record at the meeting of the Board of Directors of .... Read More..",22-05-2025 14:15:12,https://www.bseindia.com/xml-data/corpfiling/AttachLive/666a1598-e6f8-4e46-8fee-62e5653b3db4.pdf,0.6124,0.029670329670329676,0.15372112393379211,0.29997743608123656,Positive
Emami Realty Ltd,"Board Meeting Outcome for Outcome Of Board Meeting Held On 22Nd May, 2025 In Terms Of Regulation 30 Of SEBI (LODR) Regulations, 2015.","This is to inform that the Board of Directors of the Company, at its meeting held today, 22.052025, has, inter-alia, approved the following:

1. Audited Standalone & Consolidated .... Read More..",22-05-2025 14:15:07,https://www.bseindia.com/xml-data/corpfiling/AttachLive/d49bf114-9a5b-4169-b819-c4b2e39e827e.pdf,0.9022,-0.00844155844155844,0.09147778898477554,0.3857908691629651,Positive
Ramsons Projects Ltd,Subject Outcome Of Board Meeting For The Period Ended 31St March 2025,"APPROVAL OF AUDITED FINANCIAL RESULTS FOR THE QUARTER AND FINANCIAL YEAR ENDED MARCH 31, 2025, The Board approved and taken on record, inter alia, the Audited Financial Results of the Company .... Read More..",22-05-2025 14:06:51,https://www.bseindia.com/xml-data/corpfiling/AttachLive/0fbfab52-a260-430f-99f1-2568245b6385.pdf,0.9694,-0.0014430014430014434,0.016242172569036484,0.39219975133781054,Positive
Goodluck India Ltd,Board Meeting Outcome for Outcome Of Board Meeting,"Dear Sir/ Madam,
This is to inform you that the Board of Directors of the Company in its meeting held today, May 22, 2025 which commenced at 11:00 AM and concluded at 01:45 PM, inter .... Read More..",22-05-2025 14:05:33,https://www.bseindia.com/xml-data/corpfiling/AttachLive/9dd93d2d-5c6f-4f4c-9f8c-14317db96fd0.pdf,0.9468,-0.025757575757575757,0.059589285403490067,0.5888695128937742,Positive
Bajel Projects Ltd,Outcome Of Board Meeting,Outcome of Board Meeting,22-05-2025 13:56:57,https://www.bseindia.com/xml-data/corpfiling/AttachLive/fd600dc8-bd3d-46e2-98ec-3c9d561eaa7d.pdf,0.9682,-0.024074074074074067,0.01375722885131836,0.3841849464331733,Positive
Bloom Industries Ltd,Audited Financial Results For The Quarter And Year Ended 31-Mar-25,Audited Financial Results for the Quarter and year ended 31-Mar-25,22-05-2025 13:56:10,https://www.bseindia.com/xml-data/corpfiling/AttachLive/4c306962-104d-412e-9954-54eaa2a04f85.pdf,0.4588,0.027380952380952384,0.1624528169631958,0.24047013080324448,Positive
Kabsons Industries Ltd,"Audited Financial Results For The 4Th Quarter And Year Ended 31St March, 2025","Audited financial results for the 4th quarter and year ended 31st March, 2025",22-05-2025 13:54:15,https://www.bseindia.com/xml-data/corpfiling/AttachLive/19f3364a-ab84-4582-b0e1-c11a6bc3df51.pdf,0.9648,-0.018809523809523807,0.01970624551177025,0.386189016510674,Positive
Kronox Lab Sciences Ltd,"Results- Financial Results For The Quarter And Year Ended On March 31,2025","Standalone Audited Financail Results of the Company for the year ended March 31 ,2025",22-05-2025 17:27:49,https://www.bseindia.com/xml-data/corpfiling/AttachLive/984f1cb2-7a03-4d5a-8eeb-85190cf56e13.pdf,-0.6486,0.05873015873015873,0.037814460694789886,0.23047661417251541,Negative
Advance Multitech Ltd,"Audited Standalone Financial Results For The Quarter And Financial Year Ended As On 31St March, 2025",The Board adopted the Audited standalone Financial Results for the Quarter and Financial Year Ended as on 31st March 2025 along with report of statutory auditor and Declaration pursuant .... Read More..,22-05-2025 17:24:00,https://www.bseindia.com/xml-data/corpfiling/AttachLive/001a7731-9e9e-4e46-9995-0f2eba56cca2.pdf,0.8126,0.050091575091575094,0.07303189486265182,0.3619770409862681,Positive
Jigar Cables Ltd,Audited Financial Results,As attached,22-05-2025 17:19:41,https://www.bseindia.com/xml-data/corpfiling/AttachLive/26c931d2-2ce3-4c1d-b452-7a76492c82fd.pdf,0.7506,0.026406926406926413,0.04639940336346626,0.3220818989311179,Positive
Sun Pharmaceutical Industries Ltd,Audited Financial Results For The Quarter And Year Ended 31 March 2025,Audited Financial Results,22-05-2025 17:18:45,https://www.bseindia.com/xml-data/corpfiling/AttachLive/74b39d7e-b0fa-481a-b99a-827ad86869a7.pdf,0.9661,0.0326984126984127,0.025512974709272385,0.6039034162223056,Positive
India Finsec Ltd,Audited Results 2024-25,Audited Results 2024-25,22-05-2025 17:14:57,https://www.bseindia.com/xml-data/corpfiling/AttachLive/0332aa38-7236-4ba8-b854-527b3fb92f26.pdf,0.8402,-0.041666666666666664,0.024157138541340828,0.3308271415624022,Positive
Sundaram Multi Pap Ltd,"Outcome Of Board Meeting Held On May 22, 2025","Meeting of board of Directors was held to consider and approve Audited Standalone Financial Statement of the company for the period ended on March 31, 2025",22-05-2025 17:14:13,https://www.bseindia.com/xml-data/corpfiling/AttachLive/136d419d-d0a0-4f8a-87af-ec21a5300917.pdf,0.5267,-0.048917748917748916,-0.01715489849448204,0.1908582057763307,Positive
Sungold Capital Ltd,"Audited Financial Result For The Quarter And Financial Year Ended March 31, 2025","1. Statement Showing Audited Financial Result of the Company for the Quarter and Financial Year ended March 31, 2025 and Auditors Report 2. Declaration of Regulation 33 of SEBI Circular .... Read More..",22-05-2025 17:06:37,https://www.bseindia.com/xml-data/corpfiling/AttachLive/f3ac377a-a20f-4165-8838-74729e097573.pdf,0.0,0.02152777777777778,0.007883381098508835,0.008823347662885984,Neutral
Regis Industries Ltd,"Regulations 30, 33 And Other Applicable Provisions Of The SEBI (Listing Obligations And Disclosure Requirements) Regulations, 2015",PFA,22-05-2025 17:05:14,https://www.bseindia.com/xml-data/corpfiling/AttachLive/2db8d4c5-6267-485d-98bf-5c5441bb1867.pdf,0.7184,0.02767857142857143,0.039810389280319214,0.3076066882126672,Positive
Shiva Mills Ltd,Audited Financial Results For The Quarter/Year Ended 31.3.2025.,Audited Financial Results for the quarter/year ended 31.3.2025.,22-05-2025 17:02:31,https://www.bseindia.com/xml-data/corpfiling/AttachLive/54df2d43-2079-4241-92a3-3ab9d9839f7a.pdf,0.4051,-0.05734126984126983,-0.08386869728565216,0.31967700986192343,Positive
Neo Infracon Ltd,Results For The Quarter And Financial Year Ended 31St March 2025,The Board of the Company approved the Standalone and Consolidated Financial Results for the quarter and year ended 31st March 2025 at the meeting of the Board of Directors of the company .... Read More..,22-05-2025 16:56:23,https://www.bseindia.com/xml-data/corpfiling/AttachLive/6a938e7c-73f2-4eec-95f9-ea9ce70a3300.pdf,0.9022,0.08571428571428573,0.20919686555862427,0.44935334538187305,Positive
ITC Ltd,"Financial Results For Financial Year Ended 31St March, 2025","Financial Results for financial year ended 31st March, 2025",22-05-2025 16:55:31,https://www.bseindia.com/xml-data/corpfiling/AttachLive/4bc8a216-30aa-49a4-bb23-dfe51c5a3eb5.pdf,0.9337,-0.015625,0.09227019548416138,0.5964735586452484,Positive
Archidply Industries Ltd,Results For The Quarter And Year Ended March 31 2025,Results for the quarter and Year ended March 31 2025,22-05-2025 16:36:53,https://www.bseindia.com/xml-data/corpfiling/AttachLive/9bef7948-403e-4f8d-909a-a978b3ffa520.pdf,0.9201,-0.03333333333333333,0.011980529874563217,0.361634158962369,Positive
Padmanabh Industries Ltd,"Results-Financial Result For March 31, 2025",Audited Standalone Financial Result of the Company for the Quarter and Year ended as on 31.03.2025,22-05-2025 16:25:40,https://www.bseindia.com/xml-data/corpfiling/AttachLive/c8b06fb6-8a62-48c0-89c1-d741a4388707.pdf,0.8625,0.07925485008818342,0.07291798293590546,0.3906518499072267,Positive
Haryana Capfin Ltd,Results-Financial Results For The Financial Year Ended 31.03.2025.,Audited Financial Results for the year ended 31.03.2025.,22-05-2025 16:24:59,https://www.bseindia.com/xml-data/corpfiling/AttachLive/fb147c3d-3a2c-45c9-9c31-8406e7288446.pdf,0.6808,-0.000811688311688312,-0.023426245898008347,0.265048619737091,Positive
Honasa Consumer Ltd,"Audited Financial Results For The Quarter & Year Ended March 31, 2025","Audited Financial Results for the Quarter & Year ended March 31, 2025",22-05-2025 16:22:58,https://www.bseindia.com/xml-data/corpfiling/AttachLive/d167fd5d-661a-44ec-b375-8fa9d880503b.pdf,0.7783,-0.06216931216931216,-0.003014031797647476,0.29176499680991214,Positive
NR International Ltd,Outcomes Of Board Meeting For Financial Results (Standalone) For The Quarter And The Year Ended 31St March 2025,consider and approve the Audited Financial Results(standalone) for the quarter and the Year ended 31st March 2025,22-05-2025 16:21:49,https://www.bseindia.com/xml-data/corpfiling/AttachLive/f10d177b-9830-494e-802e-4d4315dcd79a.pdf,0.0516,-0.0024771524771524775,0.08962072432041168,0.04678307155297776,Neutral
Yash Management & Satellite Ltd,Rectified Audited Financial Results For Quarter And Year Ended 31St March 2025,"With respect to the BSE Query, we have rectified and attached the Financial Results with signed consolidated auditor report.",22-05-2025 16:18:37,https://www.bseindia.com/xml-data/corpfiling/AttachLive/a0b87436-1be5-46b6-8a3d-a30d18f471d8.pdf,0.802,0.02592592592592593,0.030750738456845284,0.3378029993148314,Positive
Ashiana Agro Industries Ltd,"Audited Financial Results For The Quarter And Year Ended March 31, 2025","Please find attached the Audited Financial Results for the Qtr. and Year ended 31st March, 2025 with Audit''s Report.",22-05-2025 16:17:36,https://www.bseindia.com/xml-data/corpfiling/AttachLive/9e20eded-ddd9-4063-aec4-82b0ead0cf61.pdf,0.9201,0.075,0.07024838030338287,0.4116145140910149,Positive
Premier Explosives Ltd,Audited Financial Results,Audited Financial Results (Standalone & Consolidated) for the quarter and year ended 31/03/2025,22-05-2025 16:14:59,https://www.bseindia.com/xml-data/corpfiling/AttachLive/ba10bd64-12b3-4481-b81c-719788ee9167.pdf,0.8807,-0.020833333333333332,0.01583007350564003,0.5507790220516922,Positive
Graviss Hospitality Ltd,"Audited Standalone And Consolidated Financial Results For The Quarter And Year Ended March 31, 2025 Under Regulation 33 Of SEBI (Listing Obligations And Disclosure Requirements) Regulations, 2015.","The Board of Directors at their meeting held today i.e on May 22, 2025, interalia, considered and approved the Audited Standalone and Consolidated Financial Results along with the Audit .... Read More..",22-05-2025 16:14:19,https://www.bseindia.com/xml-data/corpfiling/AttachLive/ee09349f-fb00-460f-b2fb-9a5b7ffd38d9.pdf,0.2732,-0.02142857142857143,0.14762938022613525,0.14714024263926917,Positive
Tainwala Chemicals and Plastics (India) Ltd,"Results-Financial Results For The Quarter And Year Ended March 31, 2025","Please find enclosed herewith the Audited Financial Results along with the Auditor''s Report thereon for the quarter and year ended 31st March, 2025 and Declaration under Regulation 33(3)(d) .... Read More..",22-05-2025 16:14:10,https://www.bseindia.com/xml-data/corpfiling/AttachLive/c96af98b-5cd9-4b94-8492-05e3f489c978.pdf,-0.25,-0.012792207792207789,0.026401637122035027,0.09591717120105184,Neutral
Continental Petroleums Ltd,Results-Finacial Results Dated 31.03.2025,Considered and took on record the Audited Financial Results for the quarter and year ended 31.03.2025.,22-05-2025 16:13:06,https://www.bseindia.com/xml-data/corpfiling/AttachLive/5fc32fe2-64e4-4cca-a0a5-2cf53b87c7e7.pdf,0.9524,-0.027777777777777776,0.017856061458587646,0.37798348510424296,Positive
Udaipur Cement Works Ltd,Audited Financial Results For The Financial Year Ended 31St March 2025.,Audited Financial Results for the Financial year ended 31st March 2025,22-05-2025 15:55:55,https://www.bseindia.com/xml-data/corpfiling/AttachLive/9e8f2ae0-08b1-43d2-99be-454334033b81.pdf,0.9501,0.11099567099567101,0.2442891001701355,0.48662543134974195,Positive
Gujarat Industries Power Company Ltd,Result For The FY 2024-25,Please find attached herewith AFR of Q4 and year ended 31/03/2025,22-05-2025 15:53:39,https://www.bseindia.com/xml-data/corpfiling/AttachLive/68ab3a85-4f87-4042-b8d6-9fdf4f52cb3d.pdf,0.9442,-0.0494047619047619,0.007136497646570206,0.5649995207225424,Positive
Blue Coast Hotels Ltd,Financial Results For The Quarter And Year Ended On March 31 2025,"Blue Coast Hotels Limited hereby inform exchange regarding the Audited Financial results of the Company for Quarter and Financial year ended on March 31, 2025.",22-05-2025 15:51:32,https://www.bseindia.com/xml-data/corpfiling/AttachLive/f5d13b3d-99a4-490c-92b8-81dab8d20b49.pdf,0.9413,0.0663265306122449,0.07142075896263123,0.4178441868724629,Positive
Orient Bell Ltd-$,"Submission Of Audited Financial Results (Standalone And Consolidated) Of The Company For The Quarter And Year Ended March 31, 2025.","Submission of Audited Financial Results (Standalone and Consolidated) of the Company for the quarter and year ended March 31, 2025",22-05-2025 15:50:08,https://www.bseindia.com/xml-data/corpfiling/AttachLive/fcd38d39-2ca2-43a0-8a86-c9bbf9fb1c67.pdf,0.7096,0.013333333333333332,0.028629638254642487,0.2964288914763928,Positive
Emerald Leisures Ltd,Results For The Quarter And Year Ended 31.03.2025,Result for the quarter and year ended 31.03.2025,22-05-2025 15:49:35,https://www.bseindia.com/xml-data/corpfiling/AttachLive/45a296f6-f6a6-48d5-9241-7ee4ef0771ee.pdf,0.9451,0.026322751322751328,0.43242549896240234,0.5156644750855461,Positive
Kirloskar Industries Ltd,Standalone And Consolidated Financial Results For The Quarter And Year Ended 31 March 2025,"Dear Sir / Madam, Please find enclosed the Standalone and Consolidated Financial Results for the quarter and year ended 31 March 2025. Due to technical issue, we were unable to upload .... Read More..",22-05-2025 15:48:38,https://www.bseindia.com/xml-data/corpfiling/AttachLive/d9db471e-3f48-4287-9bbf-4fc7af5af407.pdf,0.9716,-0.015343915343915339,0.016197435557842255,0.588896056064178,Positive
Southern Latex Ltd,"Financial Results For The Quarter And Year Ended 31St March, 2025",We wish to inform you that the Board Of Directors of the Company at its meetinng held today has inter alia 1) Approved the Audited Financial Statements(Standalone ) for the Year ended .... Read More..,22-05-2025 15:48:35,https://www.bseindia.com/xml-data/corpfiling/AttachLive/04b1dfb5-963e-4018-9106-44e39c88c93e.pdf,0.8591,-0.043320105820105814,0.03108372539281845,0.3399690858718138,Positive
VMS Industries Ltd,Results For 4Th Quarterd Ended On 31.03.2025 With Annual Result For FY 2024-25 With Independent Auditor''s Report On FY 2024-25,Results for 4th qurater ended on 31.03.2025 with Annual Result for FY 2024-25 with Independent Auditor''s Report on FY 2024-25,22-05-2025 15:36:26,https://www.bseindia.com/xml-data/corpfiling/AttachLive/0b1ded06-9bea-4130-858f-48f95f900009.pdf,0.4215,-0.014285714285714285,0.14746391773223877,0.20855346103395733,Positive
Dwarikesh Sugar Industries Ltd,"March, 2025","Financial Result,",22-05-2025 15:30:39,https://www.bseindia.com/xml-data/corpfiling/AttachLive/80e7116c-9a27-4b48-bf33-0f35ea10a262.pdf,0.9766,-0.03666666666666666,0.05809084326028824,0.5970672529780865,Positive
Sirca Paints India Ltd,"Financial Results For The Year Ended March 31, 2025, And Recommendation Of Final Dividend","Financial Results for the quarter and year ended March 31, 2025 and Recommendation of Final Dividend",22-05-2025 15:30:15,https://www.bseindia.com/xml-data/corpfiling/AttachLive/e0b1f9dd-8882-4f1e-9e46-4f743f3086b6.pdf,0.9477,-0.06041666666666666,0.028870966285467148,0.5696162898856402,Positive
Mehai Technology Ltd,"Outcome Of The Meeting Of The Board Of Directors Held On May 22, 2025","Board in its Meeting today on Thursday, 22nd May, 2025 has considered and approved the following:- 1. Audited Standalone and Consolidated Financial Result for the quarter and year ended .... Read More..",22-05-2025 15:27:27,https://www.bseindia.com/xml-data/corpfiling/AttachLive/acce6e1f-e820-461d-a407-c198632af274.pdf,0.7351,0.007242063492063498,0.024326007813215256,0.3035104213915837,Positive
Gujarat Industries Power Company Ltd,Board Meeting Outcome for BM OUTCOME,BM OUTCOME,22-05-2025 15:25:25,https://www.bseindia.com/xml-data/corpfiling/AttachLive/a49b1bec-ec58-4f4d-93d6-9e1ed4ca853e.pdf,0.9442,-0.0494047619047619,0.007136497646570206,0.5649995207225424,Positive
Mishtann Foods Ltd,"Standalone And Consolidated Audited Financial Results For The Quarter And Year Ended On 31St March, 2025",The financial results have been attached herewith.,22-05-2025 15:24:13,https://www.bseindia.com/xml-data/corpfiling/AttachLive/75a80add-3c13-4000-874d-919d0b70fc6e.pdf,0.91,0.06363636363636363,0.045812539756298065,0.39683467101779857,Positive
Nukleus Office Solutions Ltd,"Approval Of Half-Yearly And Year End Financials (I.E. 31St March, 2025)","Results-Financial Results for Half-Yearly and Year end financials (i.e. 31st March, 2025)",22-05-2025 15:20:10,https://www.bseindia.com/xml-data/corpfiling/AttachLive/e7a7e68d-c9c7-45cc-b2a5-ff56786fd225.pdf,0.8625,0.025974025974025983,0.011238187551498413,0.35616366405765737,Positive
Deepak Fertilisers & Petrochemicals Corporation Ltd,"Financial Results For The Quarter And Year Ended 31St March, 2025","Financial results for the quarter and year ended 31st March, 2025",22-05-2025 15:14:50,https://www.bseindia.com/xml-data/corpfiling/AttachLive/2775a0f0-7a3a-4a24-ab41-404729056f46.pdf,0.9231,0.028846153846153855,0.030254915356636047,0.586970320760837,Positive
Fervent Synergies Ltd,Audited Financial Results For The Quarter And Year Ended 31St March 2025,as attached,22-05-2025 15:12:58,https://www.bseindia.com/xml-data/corpfiling/AttachLive/0cb65c89-b579-46c0-b919-9cf44eea134b.pdf,0.959,-0.01515151515151515,0.010256234556436539,0.3821314158214764,Positive
HLV Ltd,"Results- Financial Results For March 31,2025","Results- Financial Results for March 31,2025",22-05-2025 15:05:37,https://www.bseindia.com/xml-data/corpfiling/AttachLive/84c490b5-b624-44b9-b7f6-336b700b3d5e.pdf,0.9217,0.009722222222222224,0.08530766516923904,0.3971889662174384,Positive
Ludlow Jute & Specialities Ltd,"Board Meeting Outcome for Outcome Of The Board Meeting-(I)Audited Financial Results For Year Ended March 31, 2025 And (Ii) Intimation Under Regulation 30 Of The SEBI (Listing Obligations And Disclosure Requirements) Regulations, 2015","1. Pursuant to the requirements of Regulation 33 of the SEBI (Listing Obligations and Disclosure Requirements) regulations, 2015, we enclose herewith the Audited Financial results of the .... Read More..",22-05-2025 14:47:26,https://www.bseindia.com/xml-data/corpfiling/AttachLive/29fe1dd6-77bd-4ef4-b8fc-0b658ba01e80.pdf,0.5705,0.041558441558441565,-0.15736594796180725,0.3934577480789903,Positive
Alexander Stamps And Coin Ltd,Standalone Audited Financial Results For Fourth Quarter & Year Ended 31-03-2025,"With reference to the above, we wish to inform you that the board of directors of the company in the meeting held at May 22, 2025 to discussed the agendas items as attached hereunder.",22-05-2025 20:50:49,https://www.bseindia.com/xml-data/corpfiling/AttachLive/48ba9bf0-201c-4a87-a9c4-ace38f0ab114.pdf,0.7964,-0.0078125,-0.013866711407899857,0.3120562365776301,Positive
Shervani Industrial Syndicate Ltd,"Results For The Quarter And Year Ended March 31, 2025","We hereby submitted audited financial result along with auditor report for the quarter and year ended March 31, 2025",22-05-2025 20:42:29,https://www.bseindia.com/xml-data/corpfiling/AttachLive/ce56cc08-ff30-4368-8785-96c5cfe5767d.pdf,0.8225,0.0,0.2028389275074005,0.5898516782522202,Positive
Kriti Nutrients Ltd,"Submission Of Standalone & Consolidated Audited Financial Results Along With Audit Report, Statement Of Assets And Liabilities And Cash Flow For The Year Ended On 31St March, 2025.",Submission of Financial Results,22-05-2025 20:39:46,https://www.bseindia.com/xml-data/corpfiling/AttachLive/5a0202f4-fc99-4c62-b11e-7a5046c87f3f.pdf,0.6705,0.013492063492063494,0.24499252438545227,0.3457453763632547,Positive
MTAR Technologies Ltd,Financial Results For The Quarter And Year Ended 31.03.2025,Financial results for the quarter and year ended 31.03.2025,22-05-2025 20:36:32,https://www.bseindia.com/xml-data/corpfiling/AttachLive/b43a719a-5633-418c-bcf8-a394abec15ff.pdf,0.5859,-0.019423558897243103,-0.02629636600613594,0.4206440225289863,Positive
Gandhar Oil Refinery (India) Ltd,"Audited Standalone & Consolidated Financial Results For The Quarter And Financial Year Ended March, 31, 2025","Audited Standalone & Consolidated Financial Results for the quarter and financial year ended March 31, 2025",22-05-2025 20:30:56,https://www.bseindia.com/xml-data/corpfiling/AttachLive/af935f2b-bdb6-4391-b3b3-8947e075c04b.pdf,0.9545,-0.016666666666666666,-0.01982831582427025,0.570851505252719,Positive
Emami Realty Ltd,"Financial Results For The Quarter And Year Ended 31St March, 2025","The Board of Directors in its meeting held today has approved the audited standalone and consolidated financial results for the quarter and year ended 31st March, 2025",22-05-2025 20:26:41,https://www.bseindia.com/xml-data/corpfiling/AttachLive/9dda6e20-07be-41a2-aaa1-9686912a2ba0.pdf,0.9022,-0.00844155844155844,0.09147778898477554,0.3857908691629651,Positive
The Ramco Cements Ltd,RESULTS FOR THE YEAR ENDED 31-3-2025,RESULTS FOR THE YEAR ENDED 31-3-2025,22-05-2025 20:23:11,https://www.bseindia.com/xml-data/corpfiling/AttachLive/153ec2f1-b0e3-4d68-8ec3-aa6a1283d613.pdf,0.8271,-0.01291208791208791,0.02504623681306839,0.5344802446702942,Positive
Unknown,RESULTS FOR THE YEAR ENDED 31-3-2025,RESULTS FOR THE YEAR ENDED 31-3-2025,22-05-2025 20:23:11,https://www.bseindia.com/xml-data/corpfiling/AttachLive/153ec2f1-b0e3-4d68-8ec3-aa6a1283d613.pdf,0.8271,-0.01291208791208791,0.02504623681306839,0.5344802446702942,Positive
Chowgule Steamships Ltd,Results,Financial Results for March 2025,22-05-2025 20:21:28,https://www.bseindia.com/xml-data/corpfiling/AttachLive/9a37b8bd-2446-413a-976c-16d73cff6b66.pdf,0.9371,-0.019597069597069597,0.03443950414657593,0.37929273036485195,Positive
Reliance Home Finance Ltd,"Audited Financial Results For The Quarter And Year Ended On March 31, 2025","Further to our letter dated May 19, 2025, and pursuant to Regulation 30, 33 of the Securities and Exchange Board of India (Listing Obligations and Disclosure Requirements) Regulations, .... Read More..",22-05-2025 20:14:38,https://www.bseindia.com/xml-data/corpfiling/AttachLive/8307d36d-e894-4c88-8a6f-9ec07b5cb8c9.pdf,-0.7351,-0.021978021978021976,0.041490163654088974,0.2881863574971799,Negative
Valiant Organics Ltd,"Results For The Financial Year Ended March 31, 2025",Please refer the attached submission on the captioned subject,22-05-2025 20:14:17,https://www.bseindia.com/xml-data/corpfiling/AttachLive/1f61683e-db83-4d92-adb7-5eca76b3e2bc.pdf,0.6369,-0.03376623376623377,-0.00845203548669815,0.24209451922412048,Positive
Universal Cables Ltd,"Audited Standalone And Consolidated Financial Results Of The Company For The Quarter And Year Ended 31St March, 2025","Board Meeting Outcome for Audited Standalone and Consolidated Financial Results of the company for the quarter and year ended 31st March, 2025",22-05-2025 20:13:32,https://www.bseindia.com/xml-data/corpfiling/AttachLive/81c6a643-dec5-4ef2-94ed-551a756d5435.pdf,0.9531,-0.0141025641025641,0.0192817822098732,0.5827937654321929,Positive
Dev Labtech Venture Ltd,Results For The Half Year And Year Ended 31.03.2025 As Per The Clarification Sought By Exchange,Results as per the clarification sought by the exchange,22-05-2025 20:13:26,https://www.bseindia.com/xml-data/corpfiling/AttachLive/3aaf0ee2-8250-4b34-9be0-cb380b7ff97c.pdf,0.2023,-0.016117216117216112,-0.09396839141845703,0.04789431773929807,Neutral
Morganite Crucible India Ltd,":- Disclosure Under Regulation 33 (3) (A) Of SEBI (Listing Obligation & Disclosure Requirements) Regulations, 2015 For The Fourth Quarter And Year Ended March 31, 2025","Audited Financial Results for the fourth quarter & year ended on March 31, 2025, along with Audit Report & limited review report pursuant to Regulation 33(3)(a) of SEBI (Listing Obligation .... Read More..",22-05-2025 20:11:27,https://www.bseindia.com/xml-data/corpfiling/AttachLive/cf6617e9-99aa-4a1e-94e7-aaaa9bb62040.pdf,0.765,-0.0024553571428571393,-0.010721422731876373,0.30204696603758,Positive
Container Corporation of India Ltd,Outcome Of Board Meeting Of CONCOR Held On 22.05.2025,Outcome of Board Meeting of CONCOR held on 22.05.2025,22-05-2025 20:07:34,https://www.bseindia.com/xml-data/corpfiling/AttachLive/56e43ff2-b31a-42da-b97a-376c35e24640.pdf,0.9477,0.02023809523809524,0.009816538542509079,0.5880963901341814,Positive
NGL Fine Chem Ltd,"Financial Results For Quarter And Year Ended 31St March, 2025","Financial Results for quarter and year ended 31st March, 2025",22-05-2025 20:07:20,https://www.bseindia.com/xml-data/corpfiling/AttachLive/3c5c4f7e-4251-497d-93b2-f192abaef25e.pdf,-0.34,-0.01227678571428571,0.0009402595460414886,0.060599042149526744,Neutral
Grasim Industries Ltd,Audited Financial Results (Standalone & Consolidated) For The Financial Year Ended 31St March 2025.,Audited Financial Results (Standalone & Consolidated) for the financial year ended 31st March 2025,22-05-2025 20:07:16,https://www.bseindia.com/xml-data/corpfiling/AttachLive/212e498e-c531-4c97-a88a-b0aebce1b8ba.pdf,0.9752,-0.06259920634920633,0.022971197962760925,0.5781915974840663,Positive
Capital Trade Links Ltd,"Financial Result For The Quarter And Financial Year Ended March 31, 2025.","Financial Result for the Quarter and Finanacial Year ended March 31, 2025.",22-05-2025 20:05:57,https://www.bseindia.com/xml-data/corpfiling/AttachLive/381dd9ea-d961-46ff-97b7-aca359b2a945.pdf,0.9666,0.03636363636363637,0.0744311586022377,0.41987843848976225,Positive
HFCL Ltd,Audited Financial Results,"Audited Financial Results of the Company for the 4th Quarter and Financial Year ended March 31, 2025, along with Statement of Profit & Loss, Statement of Assets & Liabilities and the Statement .... Read More..",22-05-2025 20:04:33,https://www.bseindia.com/xml-data/corpfiling/AttachLive/ef6ac4bc-71c6-4bc9-8c7e-f23005930d8e.pdf,0.9001,-0.058333333333333334,0.0451200045645237,0.35607600136935713,Positive
Unknown,Audited Financial Results,"Audited Financial Results of the Company for the 4th Quarter and Financial Year ended March 31, 2025, along with Statement of Profit & Loss, Statement of Assets & Liabilities and the Statement .... Read More..",22-05-2025 20:04:33,https://www.bseindia.com/xml-data/corpfiling/AttachLive/ef6ac4bc-71c6-4bc9-8c7e-f23005930d8e.pdf,0.9001,-0.058333333333333334,0.0451200045645237,0.35607600136935713,Positive
Dhunseri Tea & Industries Ltd,Outcome Of Board Meeting,Outcome of Board Meeting,22-05-2025 19:53:58,https://www.bseindia.com/xml-data/corpfiling/AttachLive/9170e7f2-0568-46c2-83b7-41df70b9ddfc.pdf,0.9776,-0.015972222222222218,0.10101117193698883,0.6165516849144301,Positive
Vindhya Telelinks Ltd,"Audited Standalone And Consolidated Financial Results Of The Company For The Quarter And Year Ended 31St March, 2025.","The Board of Directors of the Company at its Meeting held today i.e. 22nd May, 2025 has , interalia, considered and approved Audited Standalone and Consolidated Financial Results of the .... Read More..",22-05-2025 19:53:05,https://www.bseindia.com/xml-data/corpfiling/AttachLive/b0fb9b1f-3717-41e6-9734-c200c434cf79.pdf,-0.5423,-0.03,-0.016698814928531647,0.23092964447855951,Negative
AKI India Ltd,"Financial Results For Quarter And Year Ended On 31St March, 2025","Financial results for quarter and year ended on 31st March, 2025",22-05-2025 19:52:20,https://www.bseindia.com/xml-data/corpfiling/AttachLive/a129c732-5cbb-4c50-9962-402c4cfc4e36.pdf,0.765,-0.009523809523809525,0.012256897985935211,0.30681992653863777,Positive
Aries Agro Ltd,Financial Results-31.03.2025,Financial Results-31.03.2025,22-05-2025 19:44:01,https://www.bseindia.com/xml-data/corpfiling/AttachLive/8610c29d-3827-4ea4-821b-44fc7f80ba80.pdf,0.9633,0.04159663865546219,0.12261366844177246,0.6345830921291704,Positive
Manba Finance Ltd,Results- Financial Year Ended 31-03-2025,Financial Results for year ended 31-03-2025,22-05-2025 19:40:15,https://www.bseindia.com/xml-data/corpfiling/AttachLive/4fd7f97f-5767-429c-8712-786246e98f50.pdf,0.9423,-0.006666666666666663,-0.03387347236275673,0.564757958291173,Positive
Cargosol Logistics Ltd,Financial Results For The Year Ended 31 March 2025,"Pursuant to Regulation 33 of SEBI (LODR) Regulations, 2015, we hereby submit the Financial Results for the half year and year ended 31st March 2025 along with the Independent Auditors'' Report.",22-05-2025 19:24:38,https://www.bseindia.com/xml-data/corpfiling/AttachLive/7362434a-ddf0-4c9f-ab5f-502de7b401a6.pdf,-0.34,-0.010317460317460317,-0.050948504358530045,0.15437978940279712,Negative
Integra Switchgear Ltd,"Financial Results For The Year Ended 31St March, 2025.","We submit herewith financial results for the year ended 31st March, 2025 along with Balance sheet, cashflow, auditors report and declaration.",22-05-2025 19:19:05,https://www.bseindia.com/xml-data/corpfiling/AttachLive/6cb85a5b-c8b9-4e71-8138-8a3307368992.pdf,0.8316,0.04947089947089947,-0.051280051469802856,0.332097254400329,Positive
UFO Moviez India Ltd,"Financial Results For The Quarter And Year Ended March 31, 2025","Financial Results for the quarter and year ended March 31, 2025 are attached",22-05-2025 19:15:04,https://www.bseindia.com/xml-data/corpfiling/AttachLive/f98b5009-711a-478a-a7f2-73e73c78f460.pdf,0.4939,-0.030844155844155844,0.0559808649122715,0.2051010127204347,Positive
McNally Bharat Engineering Company Ltd,"Audited Financial Result For The Quarter And Year Ended March 31, 2025",Outcome with Result,22-05-2025 19:11:58,https://www.bseindia.com/xml-data/corpfiling/AttachLive/357c8f29-c47b-45cd-b931-2d86979d3573.pdf,0.1531,-0.04538239538239538,0.0023856982588768005,0.04834099086294444,Neutral
LKP Finance Ltd,"Audited Financial Results For Quarter And Year Ended March 31, 2025",Please find the attached Audited Financial Results,22-05-2025 19:10:42,https://www.bseindia.com/xml-data/corpfiling/AttachLive/2b14d244-2bac-4764-98ee-edc0062b67fa.pdf,0.9545,0.02412698412698413,0.20466762781143188,0.4504383835815249,Positive
Metro Brands Ltd,"Results-Financial Results For Mar 31, 2025","Outcome of Board Meeting held on Thursday, 22nd May 2025",22-05-2025 19:04:20,https://www.bseindia.com/xml-data/corpfiling/AttachLive/e50ea159-3120-4924-8436-c398249e5590.pdf,0.9723,-0.03712121212121211,-0.08044282346963882,0.5536507893227448,Positive
Walchandnagar Industries Ltd,"Board Meeting Outcome For Considering, Approving The Audited Financial Results And Segment-Wise Financial Result Of The Company For The Quarter And Year Ended On March 31, 2025.","Board of Directors in their meeting held on May 22, 2025 approved the Audited Financial Results for the Quarter and Year ended March 31, 2025.",22-05-2025 19:04:11,https://www.bseindia.com/xml-data/corpfiling/AttachLive/c0907dfc-35e5-417c-bf1d-537f1cb227d6.pdf,0.9371,0.06363636363636363,0.5001127123832703,0.5439647228058903,Positive
Alankit Ltd,"Outcome Of Meeting Of The Board Of Directors Of The Company Held On 22Nd MAY, 2025","PURSUANT TO REGULATION 30 PLEASE TAKE NOTE OF THE AUDITED STANDALONE AND CONSOLIDATED FINANCIAL RESULTS FOR THE QUARTER AND YEAR ENDED 31ST MARCH, 2025",22-05-2025 19:03:35,https://www.bseindia.com/xml-data/corpfiling/AttachLive/7e415cf9-da06-4987-bb99-4731c3939158.pdf,0.2023,-0.057142857142857134,0.13594716787338257,0.10456129321915764,Positive
TV Today Network Ltd,"Audited Financial Results For The Quarter And Financial Year Ended March 31, 2025.","Please find enclosed the audited financial results for the quarter and financial year ended March 31, 2025.",22-05-2025 19:02:52,https://www.bseindia.com/xml-data/corpfiling/AttachLive/64c3a079-6192-49d8-a4eb-0e50584a8809.pdf,0.9432,-0.03698979591836734,-1.3578683137893677e-05,0.5661789876195484,Positive
Mudra Financial Services Ltd,"Audited Financial Results For The Quarter And Year Ended On 31St March, 2025.","Enclosed herewith Audited Financial Results for the Quarter and Year ended on 31st March, 2025.",22-05-2025 19:01:07,https://www.bseindia.com/xml-data/corpfiling/AttachLive/d22ab601-fd97-4061-a343-0c7fe5b005da.pdf,0.9287,-0.01296296296296296,-0.023813806474208832,0.3604469691688485,Positive
Indo Amines Ltd-$,"Financial Results Of The Company For The Quarter And Year Ended March 31, 2025","Please find attached herewith Financial results for the quarter and year ended 31st March, 2025",22-05-2025 18:59:19,https://www.bseindia.com/xml-data/corpfiling/AttachLive/b20c0d8f-6b7a-483c-b71e-1d12bb43917b.pdf,0.8074,-0.05293040293040293,0.00017669051885604858,0.507133886276536,Positive
BSL Ltd,AUDITED FINANCIAL RESULTS FOR THE QUARTER & YEAR ENDED 31.03.2025,"AUDITED FINANCIAL RESULTS FOR THE QUARTER AND YEAR ENDED 31ST MARCH, 2025.",22-05-2025 18:58:49,https://www.bseindia.com/xml-data/corpfiling/AttachLive/836e3e4b-66b0-4d5d-9bef-9550a6b4b4ae.pdf,0.128,0.014285714285714284,-0.050164844840765,0.04043626083348479,Neutral
Oswal Leasing Ltd,Audited Financial Results For The Quarter And Financial Year Ended 31.03.2025,Results of Oswal Leasing Limited is attached herewith.,22-05-2025 18:55:57,https://www.bseindia.com/xml-data/corpfiling/AttachLive/a0daab21-eaac-4584-96d1-8a71b1c6915a.pdf,0.8957,-0.00972222222222222,-0.023091889917850494,0.34843576635797824,Positive
Centum Electronics Ltd,"Audited Financial Results Of The Company For The Fourth Quarter And Audited Accounts For The Financial Year Ended March 31, 2025 Along With Audit Report",Financial Results,22-05-2025 18:54:23,https://www.bseindia.com/xml-data/corpfiling/AttachLive/024c2b49-46bc-4568-a607-9f4888efb623.pdf,0.872,-0.04304029304029303,0.02456512860953808,0.5432574506707735,Positive
Premier Ltd,Audited Financial Results (Standalone And Consolidated) Of Premier Limited ('The Company') For The Quarter And Financial Year Ended 31St March 2025.,"This is in continuation to our intimation dated 19th May 2025 u/r 29 of SEBI (Listing Obligations and Disclosure Requirements) Regulations, 2015 regarding the declaration of results on .... Read More..",22-05-2025 18:53:26,https://www.bseindia.com/xml-data/corpfiling/AttachLive/869bfa76-d8c6-4d5c-8434-4c0ab442c891.pdf,0.1531,0.07380952380952381,-0.008901171386241913,0.08071250572698457,Neutral
TBO TEK Ltd,"Financial Results For Quarter And Financial Year Ended March 31, 2025","Please see attached the financial results for the quarter and financial year ended March 31, 2025",22-05-2025 18:50:20,https://www.bseindia.com/xml-data/corpfiling/AttachLive/04092b2c-c813-4c41-ab9f-cbffe964d13e.pdf,-0.1779,-0.04428571428571428,0.001893211156129837,0.08387775093887534,Neutral
Best Eastern Hotels Ltd,Ratification In The Financial Results Submitted To The BSE Limited On 21St May 2025.,"We had submitted financial results for the quarter and financial year ended 31st March 2025, after it was approved by the board of Directors in their meeting held on 21st May, 2025, in .... Read More..",22-05-2025 18:46:36,https://www.bseindia.com/xml-data/corpfiling/AttachLive/b7ef5cce-134b-44ab-8cfa-20cb65f4c17a.pdf,0.9559,0.20744047619047618,0.12113447487354279,0.48093248531920574,Positive
Mahan Industries Ltd,"Audited Financial Results For The Quarter And Year Ended On March 31, 2025","Audited Financial Results for the Quarter and Year ended on March 31, 2025",22-05-2025 18:45:44,https://www.bseindia.com/xml-data/corpfiling/AttachLive/4e37c8e8-bf60-4f85-918d-e241193616cc.pdf,0.9584,0.048051948051948054,0.03721359744668007,0.4089396636495885,Positive
Shyamkamal Investments Ltd,"Submission Of Revised Audited Financial Results For The Quarter And Year Ended On 31St March, 2025","Submission of revised Audited Financial Results for the quarter and year ended on 31st march, 2025",22-05-2025 18:42:17,https://www.bseindia.com/xml-data/corpfiling/AttachLive/7196906d-b21b-4a4a-beed-a2aba93a2062.pdf,0.7184,0.05170068027210885,0.11489415913820267,0.33733845182309347,Positive
U. Y. Fincorp Ltd,Audited Financial Results As On 31.03.2025,Audited Financial Result for the year ended 31.03.2025.,22-05-2025 18:35:55,https://www.bseindia.com/xml-data/corpfiling/AttachLive/54240618-4fe6-4a15-85ca-0e333c8faad7.pdf,-0.0516,-0.014285714285714285,0.00032801553606987,0.024827309624893327,Neutral
Eldeco Housing & Industries Ltd,"Audited Financial Results Of The Company For The Quarter And Financial Year Ended March 31, 2025 Both On Standalone And Consolidated Basis","Audited Financial Results of the Company for the quarter and financial year ended March 31, 2025 both on standalone and consolidated basis",22-05-2025 18:22:05,https://www.bseindia.com/xml-data/corpfiling/AttachLive/69daebce-4af5-4b3b-a272-4decd552f2da.pdf,0.9081,0.025,0.03892851620912552,0.5824185548627376,Positive
Gujarat State Petronet Ltd,"Audited Financial Results (Standalone & Consolidated) Of The Company For The Quarter/Year Ended 31St March, 2025","The Board at its meeting today, approved the Audited Financial Results (Standalone & Consolidated) of the Company for the Quarter/Year ended 31st March, 2025",22-05-2025 18:19:39,https://www.bseindia.com/xml-data/corpfiling/AttachLive/72884dcb-e44a-422f-a885-37ab0a423f57.pdf,0.9169,-0.02023809523809524,0.12526428699493408,0.3982678575270517,Positive
Advance Petrochemicals Ltd,"Audited Standalone Financial Results For The Quarter And Financial Year Ended As On 31St March, 2025",The Board Adopted the Audited standalone Financial Results for the Quarter and Financial Year ended as on 31st March 2025 along with report of statutory auditors and Declaration pursuant .... Read More..,22-05-2025 18:10:44,https://www.bseindia.com/xml-data/corpfiling/AttachLive/acfea1f4-fcd4-4dd0-8c4c-91d34b53a34d.pdf,0.7351,0.04384920634920635,0.05980251729488373,0.325135517093227,Positive
Geetanjali Credit and Capital Ltd,"Result-Financial Result For March 31, 2025","Audited Financial Result for March 31, 2025",22-05-2025 18:10:27,https://www.bseindia.com/xml-data/corpfiling/AttachLive/1d2d2d7a-0e08-497e-9965-18ab0d93deb2.pdf,0.9001,0.09362599206349205,0.0816151425242424,0.4126123403763204,Positive
Power Mech Projects Ltd,Audited Results,Please find the attached,22-05-2025 18:09:57,https://www.bseindia.com/xml-data/corpfiling/AttachLive/40028c32-f952-477a-aa23-4ce911d32c1f.pdf,0.9001,0.08636363636363636,0.04298362880945206,0.5988441795519266,Positive
Paradeep Parivahan Ltd,Submission Of The Audited Standalone Financial Results For The Half Year And Year Ended MAR-31-2025,Submission of the Audited Standalone Financial Results for the half year and year ended MAR-31-2025,22-05-2025 23:15:36,https://www.bseindia.com/xml-data/corpfiling/AttachLive/8e812112-1237-4de1-979b-e7dd8a183483.pdf,0.9118,0.06411862990810357,0.07876844704151154,0.40758612308488457,Positive
Hubtown Ltd,Financial Result For The Quarter And Year Ended 31/03/2025,Financial Result for the quarter and year ended 31/03/2025,22-05-2025 22:50:32,https://www.bseindia.com/xml-data/corpfiling/AttachLive/501f07b6-7d4e-4add-a035-45eaf55c0865.pdf,0.9287,-0.01746031746031745,-0.008188823238015175,0.36378525779050025,Positive
Pradeep Metals Ltd,"Audited Standalone & Consolidated Financial Results For The Financial Year Ended March 31, 2025","Audited Standalone & Consolidated Financial Results for the Financial Year ended March 31, 2025",22-05-2025 22:45:05,https://www.bseindia.com/xml-data/corpfiling/AttachLive/ebe29b67-356d-4968-bfd6-978a9694fccb.pdf,0.9704,-0.049999999999999996,0.015129517763853073,0.577698855329156,Positive
Singer India Ltd,"Financial Year March 31, 2025","Audited Financial Results for the quarter and year ended March 31, 2025.",22-05-2025 22:29:24,https://www.bseindia.com/xml-data/corpfiling/AttachLive/c187a189-c104-42e7-af98-7c3675226de2.pdf,0.8979,0.09956709956709957,0.10110174119472504,0.4193606522285474,Positive
Saurashtra Cement Ltd,Audited Result For The Financial Year Ended 31St March 2025,The Board of Director at its meeting held on 22nd May 2025 as approved audited financial results (Standalone & Consolidate) of the Company for the quarte and financial year ended 31st March 2025.,22-05-2025 22:07:22,https://www.bseindia.com/xml-data/corpfiling/AttachLive/bfa99948-c8d0-42af-ad34-7f824c962039.pdf,0.9153,-0.006249999999999999,0.09557551145553589,0.39291765343666074,Positive
Manoj Ceramic Ltd,"Audited Financial Results Of The Company For The Half Year And Financial Year Ended 31St March, 2025",This is to inform that the Board of Directors at their meeting held on Thursday 22nd May 2025 has inter alia considered and approved the audited Financial Results (Standalone and Consolidated) .... Read More..,22-05-2025 22:00:47,https://www.bseindia.com/xml-data/corpfiling/AttachLive/245ba128-da07-498b-892f-62693c3547bf.pdf,0.4767,-0.02976190476190476,0.014055121690034866,0.18596796507843905,Positive
Kriti Industries India Ltd-$,"Submission Of Standalone & Consolidated Audited Financial Results Along With Audit Report, Statement Of Assets And Liabilities And Cash Flow For The Year Ended On 31St March, 2025.",Submission of Financial Results,22-05-2025 21:47:06,https://www.bseindia.com/xml-data/corpfiling/AttachLive/b0ff4a52-db1b-472b-8560-4819d41424d6.pdf,-0.25,-0.016117216117216112,0.3771968185901642,0.00832388074188442,Neutral
Mercury Ev-Tech Ltd,Financial Results For FY 24-25,Attached herewith financial results for FY 24-25,22-05-2025 21:37:19,https://www.bseindia.com/xml-data/corpfiling/AttachLive/14abf0e2-44b0-4ae2-8d44-e9e6fcc4f101.pdf,0.9694,0.0016806722689075636,0.04323955625295639,0.40123606855655924,Positive
Murae Organisor Ltd,Financial Results,Financial results,22-05-2025 21:34:09,https://www.bseindia.com/xml-data/corpfiling/AttachLive/258dd2ae-a0aa-49c8-a60f-dd0415063aed.pdf,0.5859,0.011255411255411263,0.02202502265572548,0.24434413017334103,Positive
Aksh Optifibre Ltd,Financial Results For The Quarter & Year Ended March 2025,Financial Results for the Quarter & Year ended March 2025,22-05-2025 21:30:35,https://www.bseindia.com/xml-data/corpfiling/AttachLive/4ef5003e-c61c-4d5f-9fbc-21510ad600e0.pdf,0.2023,-0.04285714285714286,-0.029499031603336334,0.059213147661856244,Neutral
Voith Paper Fabrics India Ltd-$,Financial Results For The Period / Year Ended 31/03/2025.,"Financial results for the period/year ended 31/03/2025, together with the audit report thereon.",22-05-2025 21:24:44,https://www.bseindia.com/xml-data/corpfiling/AttachLive/6c578028-b144-4d00-8d9f-85531d440a0e.pdf,0.9686,0.06413690476190477,0.08071166276931763,0.6308945702593667,Positive
Adroit Infotech Ltd,"Audited Financial Results For The Financial Year Ended March, 31, 2025",Audited Financial Results for the quarter/year ended 31st March 2025,22-05-2025 21:23:27,https://www.bseindia.com/xml-data/corpfiling/AttachLive/218ab355-69b2-41cd-a5b9-4ea871fe029d.pdf,0.8519,-0.056666666666666664,0.012088492512702942,0.3273865477538109,Positive
